{
  "Phase1": {
    "n": 146,
    "mean": 0.0,
    "median": 0.0,
    "max": 0.0,
    "p90": 0.0,
    "p95": 0.0,
    "iou_ge_0.5": 0,
    "iou_ge_0.3": 0,
    "iou_ge_0.1": 0
  },
  "Phase2": {
    "n": 146,
    "mean": 0.4144817705472723,
    "median": 0.4209294606307621,
    "max": 0.6724195531144322,
    "p90": 0.6048731682742694,
    "p95": 0.6267938020374755,
    "iou_ge_0.5": 41,
    "iou_ge_0.3": 110,
    "iou_ge_0.1": 146
  },
  "Phase3": {
    "n": 146,
    "mean": 0.49493646947128905,
    "median": 0.552558449999086,
    "max": 0.7702343904881492,
    "p90": 0.721439852573801,
    "p95": 0.729599682316146,
    "iou_ge_0.5": 85,
    "iou_ge_0.3": 110,
    "iou_ge_0.1": 146
  }
}